{
  "model_name": "svm",
  "accuracy": 0.8136125654450261,
  "precision_per_class": [
    1.0,
    1.0,
    0.8888888888888888,
    0.8494623655913979,
    0.735973597359736,
    0.9714285714285714,
    0.7916666666666666,
    0.8571428571428571,
    0.8461538461538461,
    0.6666666666666666,
    0.9777777777777777
  ],
  "recall_per_class": [
    0.18181818181818182,
    0.631578947368421,
    0.8421052631578947,
    0.9330708661417323,
    0.8779527559055118,
    0.7555555555555555,
    0.8209876543209876,
    0.6885245901639344,
    0.5365853658536586,
    0.36363636363636365,
    0.7857142857142857
  ],
  "f1_per_class": [
    0.3076923076923077,
    0.7741935483870968,
    0.8648648648648649,
    0.8893058161350844,
    0.800718132854578,
    0.85,
    0.806060606060606,
    0.7636363636363637,
    0.6567164179104478,
    0.47058823529411764,
    0.8712871287128713
  ],
  "support_per_class": [
    11,
    19,
    19,
    254,
    254,
    45,
    162,
    61,
    41,
    33,
    56
  ],
  "macro_precision": 0.8713782943342189,
  "macro_recall": 0.6743208936033207,
  "macro_f1": 0.7322784928680307,
  "weighted_precision": 0.8222905620171103,
  "weighted_recall": 0.8136125654450261,
  "weighted_f1": 0.8067573913616422,
  "micro_precision": 0.8136125654450261,
  "micro_recall": 0.8136125654450261,
  "micro_f1": 0.8136125654450261,
  "confusion_matrix": [
    [
      2,
      0,
      0,
      8,
      1,
      0,
      0,
      0,
      0,
      0,
      0
    ],
    [
      0,
      12,
      0,
      6,
      1,
      0,
      0,
      0,
      0,
      0,
      0
    ],
    [
      0,
      0,
      16,
      0,
      2,
      0,
      0,
      1,
      0,
      0,
      0
    ],
    [
      0,
      0,
      1,
      237,
      11,
      0,
      0,
      0,
      2,
      3,
      0
    ],
    [
      0,
      0,
      1,
      10,
      223,
      0,
      14,
      2,
      0,
      3,
      1
    ],
    [
      0,
      0,
      0,
      1,
      5,
      34,
      3,
      0,
      2,
      0,
      0
    ],
    [
      0,
      0,
      0,
      1,
      25,
      0,
      133,
      3,
      0,
      0,
      0
    ],
    [
      0,
      0,
      0,
      1,
      7,
      1,
      10,
      42,
      0,
      0,
      0
    ],
    [
      0,
      0,
      0,
      4,
      10,
      0,
      4,
      1,
      22,
      0,
      0
    ],
    [
      0,
      0,
      0,
      0,
      17,
      0,
      4,
      0,
      0,
      12,
      0
    ],
    [
      0,
      0,
      0,
      11,
      1,
      0,
      0,
      0,
      0,
      0,
      44
    ]
  ],
  "classification_report": {
    "0": {
      "precision": 1.0,
      "recall": 0.18181818181818182,
      "f1-score": 0.3076923076923077,
      "support": 11.0
    },
    "1": {
      "precision": 1.0,
      "recall": 0.631578947368421,
      "f1-score": 0.7741935483870968,
      "support": 19.0
    },
    "2": {
      "precision": 0.8888888888888888,
      "recall": 0.8421052631578947,
      "f1-score": 0.8648648648648649,
      "support": 19.0
    },
    "3": {
      "precision": 0.8494623655913979,
      "recall": 0.9330708661417323,
      "f1-score": 0.8893058161350844,
      "support": 254.0
    },
    "4": {
      "precision": 0.735973597359736,
      "recall": 0.8779527559055118,
      "f1-score": 0.800718132854578,
      "support": 254.0
    },
    "5": {
      "precision": 0.9714285714285714,
      "recall": 0.7555555555555555,
      "f1-score": 0.85,
      "support": 45.0
    },
    "6": {
      "precision": 0.7916666666666666,
      "recall": 0.8209876543209876,
      "f1-score": 0.806060606060606,
      "support": 162.0
    },
    "7": {
      "precision": 0.8571428571428571,
      "recall": 0.6885245901639344,
      "f1-score": 0.7636363636363637,
      "support": 61.0
    },
    "8": {
      "precision": 0.8461538461538461,
      "recall": 0.5365853658536586,
      "f1-score": 0.6567164179104478,
      "support": 41.0
    },
    "9": {
      "precision": 0.6666666666666666,
      "recall": 0.36363636363636365,
      "f1-score": 0.47058823529411764,
      "support": 33.0
    },
    "10": {
      "precision": 0.9777777777777777,
      "recall": 0.7857142857142857,
      "f1-score": 0.8712871287128713,
      "support": 56.0
    },
    "accuracy": 0.8136125654450261,
    "macro avg": {
      "precision": 0.8713782943342189,
      "recall": 0.6743208936033207,
      "f1-score": 0.7322784928680307,
      "support": 955.0
    },
    "weighted avg": {
      "precision": 0.8222905620171103,
      "recall": 0.8136125654450261,
      "f1-score": 0.8067573913616422,
      "support": 955.0
    }
  },
  "num_samples": 955,
  "num_classes": 11
}